-- Movie Streaming Platform Analytics -- 

-- Schema
create database MovieStreamingPlatform
use MovieStreamingPlatform ;
create table Users(
UserID INT PRIMARY KEY,
FullName VARCHAR(100),
Email VARCHAR(100),
JoinDate DATE,
SubscriptionType VARCHAR(20)  -- Free, Basic, Premium
);
create table Movies (
MovieID INT PRIMARY KEY,
Title VARCHAR(100),
Genre VARCHAR(50),
ReleaseYear INT,
DurationMinutes INT
);
create table WatchHistory (
WatchID INT PRIMARY KEY,
UserID INT FOREIGN KEY REFERENCES Users(UserID),
MovieID INT FOREIGN KEY REFERENCES Movies(MovieID),
WatchDate DATE,
WatchDuration INT -- in minutes
);

-- Sample Data Insertion


--Users
INSERT INTO Users (UserID, FullName, Email, JoinDate, SubscriptionType) VALUES
(1, 'Ali Al Hinai', 'ali@example.com', '2024-01-01', 'Premium'),
(2, 'Noor Al Busaidi', 'noor@example.com', '2024-02-15', 'Basic'),
(3, 'Hassan Al Rawahi', 'hassan@example.com', '2024-03-10', 'Free'),
(4, 'Muna Al Lawati', 'muna@example.com', '2024-04-05', 'Premium'),
(5, 'Salim Al Zadjali', 'salim@example.com', '2024-05-01', 'Basic');
--Movies
INSERT INTO Movies (MovieID, Title, Genre, ReleaseYear, DurationMinutes) VALUES
(1, 'The Silent Ocean', 'Sci-Fi', 2023, 120),
(2, 'Omani Roots', 'Documentary', 2022, 90),
(3, 'Fast Track', 'Action', 2024, 130),
(4, 'Code & Coffee', 'Drama', 2023, 110),
(5, 'The Last Byte', 'Thriller', 2023, 105);
--WatchHistory
INSERT INTO WatchHistory (WatchID, UserID, MovieID, WatchDate, WatchDuration) VALUES
(1, 1, 1, '2025-05-10', 120),
(2, 2, 2, '2025-05-11', 80),
(3, 3, 3, '2025-05-12', 60),
(4, 4, 1, '2025-05-12', 90),
(5, 5, 5, '2025-05-13', 105);

------------------------------------